{
  "meta_weights": [
    1.3838869951539032,
    2.1855573216283104,
    -0.5373830643597707
  ],
  "meta_bias": -1.9611367439962921,
  "platt_a": 1.3148038911398123,
  "platt_b": -0.15294273058094235,
  "model_version": "2.0.0-local",
  "sub_importances": [
    [
      0.04887919872999191,
      0.040144726634025574,
      0.031153561547398567,
      0.01741572842001915,
      0.0400933213531971,
      0.04777366667985916,
      0.005734523292630911,
      0.0,
      0.02753741480410099,
      0.017363576218485832,
      0.018631599843502045,
      0.06231644004583359,
      0.009528323076665401,
      0.048010408878326416,
      0.022328505292534828,
      0.012832743115723133,
      0.017496870830655098,
      0.0,
      0.03062417544424534,
      0.0,
      0.02875620499253273,
      0.0,
      0.0,
      0.009983975440263748,
      0.006656280718743801,
      0.0,
      0.03819248452782631,
      0.019394783303141594,
      0.00585396122187376,
      0.021393321454524994,
      0.05088822916150093,
      0.046832550317049026,
      0.07586466521024704,
      0.0138455955311656,
      0.03148443251848221,
      0.004845034331083298,
      0.022140702232718468,
      0.029825299978256226,
      0.0,
      0.01064646989107132,
      0.0,
      0.0,
      0.0,
      0.0,
      0.0,
      0.02409689873456955,
      0.06143439933657646
    ],
    [
      0.021276595070958138,
      0.021276595070958138,
      0.021276595070958138,
      0.021276595070958138,
      0.021276595070958138,
      0.021276595070958138,
      0.021276595070958138,
      0.021276595070958138,
      0.021276595070958138,
      0.021276595070958138,
      0.021276595070958138,
      0.021276595070958138,
      0.021276595070958138,
      0.021276595070958138,
      0.021276595070958138,
      0.021276595070958138,
      0.021276595070958138,
      0.021276595070958138,
      0.021276595070958138,
      0.021276595070958138,
      0.021276595070958138,
      0.021276595070958138,
      0.021276595070958138,
      0.021276595070958138,
      0.021276595070958138,
      0.021276595070958138,
      0.021276595070958138,
      0.021276595070958138,
      0.021276595070958138,
      0.021276595070958138,
      0.021276595070958138,
      0.021276595070958138,
      0.021276595070958138,
      0.021276595070958138,
      0.021276595070958138,
      0.021276595070958138,
      0.021276595070958138,
      0.021276595070958138,
      0.021276595070958138,
      0.021276595070958138,
      0.021276595070958138,
      0.021276595070958138,
      0.021276595070958138,
      0.021276595070958138,
      0.021276595070958138,
      0.021276595070958138,
      0.021276595070958138
    ],
    [
      0.021276595070958138,
      0.021276595070958138,
      0.021276595070958138,
      0.021276595070958138,
      0.021276595070958138,
      0.021276595070958138,
      0.021276595070958138,
      0.021276595070958138,
      0.021276595070958138,
      0.021276595070958138,
      0.021276595070958138,
      0.021276595070958138,
      0.021276595070958138,
      0.021276595070958138,
      0.021276595070958138,
      0.021276595070958138,
      0.021276595070958138,
      0.021276595070958138,
      0.021276595070958138,
      0.021276595070958138,
      0.021276595070958138,
      0.021276595070958138,
      0.021276595070958138,
      0.021276595070958138,
      0.021276595070958138,
      0.021276595070958138,
      0.021276595070958138,
      0.021276595070958138,
      0.021276595070958138,
      0.021276595070958138,
      0.021276595070958138,
      0.021276595070958138,
      0.021276595070958138,
      0.021276595070958138,
      0.021276595070958138,
      0.021276595070958138,
      0.021276595070958138,
      0.021276595070958138,
      0.021276595070958138,
      0.021276595070958138,
      0.021276595070958138,
      0.021276595070958138,
      0.021276595070958138,
      0.021276595070958138,
      0.021276595070958138,
      0.021276595070958138,
      0.021276595070958138
    ]
  ]
}